timestamp,symbol,open,high,low,close,volume
2026-01-02,SPY,519.71,520.07,519.48,520.69,50423746
2026-01-03,SPY,525.49,527.56,522.79,524.96,3132899
2026-01-04,SPY,528.7,528.98,528.21,528.69,14343768
2026-01-05,SPY,527.63,530.83,525.61,528.37,19669062
2026-01-06,SPY,528.12,528.34,527.0,526.07,23833825
2026-01-07,SPY,527.92,529.37,527.84,527.27,26496489
2026-01-08,SPY,534.97,537.34,531.88,533.4,49971471
2026-01-09,SPY,533.15,533.43,532.38,532.88,20674861
2026-01-10,SPY,536.3,538.92,534.48,534.87,48283015
2026-01-11,SPY,542.34,543.69,541.43,538.19,58399400
2026-01-12,SPY,542.88,543.88,542.34,544.91,25483473
2026-01-13,SPY,545.33,547.08,543.7,543.35,46872107
2026-01-14,SPY,542.09,544.47,540.42,544.14,11965755
2026-01-15,SPY,539.07,539.47,536.13,538.08,15738124
2026-01-16,SPY,536.08,539.86,535.83,535.06,3154210
2026-01-17,SPY,537.87,539.92,533.52,539.15,39062808
2026-01-18,SPY,540.86,542.18,539.65,539.66,44141058
2026-01-19,SPY,537.9,538.34,537.85,539.75,18632290
2026-01-20,SPY,538.14,540.42,536.38,537.46,10283286
2026-01-21,SPY,536.59,536.64,535.6,536.79,43107191
2026-01-22,SPY,540.39,543.14,538.63,539.58,40989395
2026-01-23,SPY,546.01,546.08,541.75,545.49,1770478
2026-01-24,SPY,545.43,546.4,542.7,543.82,52579787
2026-01-25,SPY,544.41,545.23,542.22,545.05,49458777
2026-01-26,SPY,547.16,548.36,545.79,547.16,8141109
2026-01-27,SPY,550.02,551.37,548.08,548.48,11256869
2026-01-28,SPY,548.51,549.44,543.76,547.56,1038379
2026-01-29,SPY,544.71,546.18,543.13,545.6,56812128
2026-01-30,SPY,546.17,547.68,546.0,548.05,6285296
2026-01-31,SPY,550.82,552.12,547.44,551.87,52394278
2026-02-01,SPY,555.71,558.02,554.44,555.41,36411588
2026-02-02,SPY,559.28,560.97,558.62,561.09,49984844
2026-02-03,SPY,557.01,560.28,554.33,558.32,26059825
2026-02-04,SPY,552.37,553.38,551.22,553.09,23688538
2026-02-05,SPY,558.26,558.64,558.04,558.17,48502401
2026-02-06,SPY,556.41,557.59,552.76,554.76,5755156
2026-02-07,SPY,553.16,553.32,550.42,553.33,49543368
2026-02-08,SPY,558.79,559.93,554.93,559.23,55190206
2026-02-09,SPY,557.46,558.01,556.33,556.29,28588606
2026-02-10,SPY,550.74,551.47,547.8,546.99,7604711
2026-02-11,SPY,557.67,559.01,557.34,556.99,13857392
2026-02-12,SPY,559.8,562.07,558.2,560.36,17764226
2026-02-13,SPY,561.38,562.01,559.8,558.63,7570543
2026-02-14,SPY,577.95,580.7,574.82,574.47,51570924
2026-02-15,SPY,579.92,581.06,578.32,580.01,27913358
2026-02-16,SPY,582.54,583.35,580.22,582.56,53618087
2026-02-17,SPY,583.73,585.59,582.48,581.35,53570502
2026-02-18,SPY,577.1,578.36,576.0,578.16,4924747
2026-02-19,SPY,572.37,573.74,572.36,571.85,40203494
2026-02-20,SPY,562.55,563.28,561.79,562.45,35079793
2026-02-21,SPY,565.41,566.11,562.61,564.14,16784266
2026-02-22,SPY,556.88,559.9,554.23,556.05,3667017
2026-02-23,SPY,553.82,555.39,551.49,552.92,18499689
2026-02-24,SPY,556.14,559.53,555.98,557.63,46076367
2026-02-25,SPY,553.47,555.41,548.79,551.98,1625149
2026-02-26,SPY,538.42,540.43,537.58,538.41,15304543
2026-02-27,SPY,536.45,536.49,535.98,536.89,17393649
2026-02-28,SPY,535.05,535.97,533.38,533.13,42048999
2026-03-01,SPY,543.1,543.5,539.93,542.71,38218729
2026-03-02,SPY,541.47,544.51,540.39,541.18,8746286
2026-03-03,SPY,547.28,549.59,546.29,548.27,15135116
2026-03-04,SPY,547.01,548.46,545.88,546.16,33784817
2026-03-05,SPY,547.28,552.06,544.33,547.92,56656608
2026-03-06,SPY,547.54,547.72,547.13,545.48,18579520
2026-03-07,SPY,550.37,552.39,549.59,548.55,8507729
2026-03-08,SPY,558.82,560.93,556.51,557.76,57008723
2026-03-09,SPY,555.29,557.36,554.71,555.48,25471348
2026-03-10,SPY,562.0,564.38,558.92,559.54,15097997
2026-03-11,SPY,559.58,562.6,557.84,561.1,59700977
2026-03-12,SPY,554.73,556.45,551.85,557.55,59022706
2026-03-13,SPY,559.22,562.65,558.2,560.6,13036690
2026-03-14,SPY,559.22,561.22,555.57,558.09,58986355
2026-03-15,SPY,559.24,560.92,557.36,561.19,26671940
2026-03-16,SPY,565.72,568.94,565.0,568.46,31890427
2026-03-17,SPY,561.14,564.51,560.04,560.37,45294077
2026-03-18,SPY,562.88,564.76,559.01,559.93,19731761
2026-03-19,SPY,560.03,562.18,558.18,557.43,23223091
2026-03-20,SPY,562.42,562.84,561.04,562.25,18815146
2026-03-21,SPY,568.65,569.38,566.39,570.85,30285897
2026-03-22,SPY,564.71,566.39,562.49,566.02,18094138
2026-03-23,SPY,569.7,570.37,565.6,569.36,47094202
2026-03-24,SPY,568.61,572.29,567.58,567.34,5695862
2026-03-25,SPY,578.67,580.32,576.23,577.08,9363463
2026-03-26,SPY,578.28,580.2,577.42,579.75,28004632
2026-03-27,SPY,576.71,579.48,575.49,578.83,26444008
2026-03-28,SPY,572.66,577.1,571.21,571.81,37771443
2026-03-29,SPY,574.97,576.66,573.97,577.57,41712368
2026-03-30,SPY,572.41,574.53,570.93,572.79,32754987
2026-03-31,SPY,575.9,581.53,575.61,573.66,20044583
2026-04-01,SPY,569.76,570.07,567.61,572.17,51408027
2026-04-02,SPY,570.47,572.43,570.02,569.67,4101350
2026-04-03,SPY,570.98,573.58,570.46,570.5,28812665
2026-04-04,SPY,575.84,577.82,575.39,574.36,27820249
2026-04-05,SPY,576.44,579.81,572.6,576.53,52676924
2026-04-06,SPY,582.81,585.47,581.99,585.56,47701848
2026-04-07,SPY,581.67,581.75,581.65,584.68,31632634
2026-04-08,SPY,585.5,587.44,582.56,585.11,22293505
2026-04-09,SPY,595.24,596.79,592.36,593.59,34875089
2026-04-10,SPY,586.3,588.57,585.0,586.61,58813944
2026-04-11,SPY,583.06,583.35,583.01,585.28,52392886
2026-04-12,SPY,584.34,586.99,584.17,586.02,48885185
2026-04-13,SPY,583.87,585.68,582.63,585.62,10286126
2026-04-14,SPY,586.89,588.77,585.96,587.78,28841313
2026-04-15,SPY,582.34,583.93,580.97,582.87,29195354
2026-04-16,SPY,576.55,579.08,576.12,576.45,52378182
2026-04-17,SPY,572.23,573.42,570.42,571.78,27171560
2026-04-18,SPY,579.43,584.0,576.07,580.68,37650318
2026-04-19,SPY,582.83,587.57,580.98,582.92,33590882
2026-04-20,SPY,587.33,587.72,586.3,585.89,12075964
2026-04-21,SPY,593.36,597.85,590.45,593.13,27442251
2026-04-22,SPY,587.85,589.75,585.7,588.69,59173409
2026-04-23,SPY,586.74,586.92,585.57,587.48,22934250
2026-04-24,SPY,582.05,586.13,581.03,585.8,29290736
2026-04-25,SPY,582.37,583.33,579.49,582.6,24485441
2026-04-26,SPY,583.0,583.87,582.36,582.88,3082387
2026-04-27,SPY,586.31,586.79,584.97,586.42,9470546
2026-04-28,SPY,584.38,584.57,581.9,583.81,18196223
2026-04-29,SPY,585.03,586.44,581.99,583.41,8686170
2026-04-30,SPY,585.86,587.25,584.71,587.77,21935096
2026-05-01,SPY,577.12,579.43,573.22,579.7,14309686
2026-05-02,SPY,583.74,585.39,582.99,583.23,52840314
2026-05-03,SPY,581.84,585.19,580.42,579.24,38979090
2026-05-04,SPY,583.06,585.17,581.04,583.71,34954453
2026-05-05,SPY,582.96,583.26,580.59,583.83,30093262
2026-05-06,SPY,589.74,590.56,587.98,587.57,30225047
2026-05-07,SPY,592.66,595.23,590.74,590.89,37116172
2026-05-08,SPY,593.83,596.46,592.37,591.95,22629494
2026-05-09,SPY,599.53,603.16,595.29,601.24,17365398
2026-05-10,SPY,599.91,603.02,598.84,598.65,34172347
2026-05-11,SPY,602.07,603.3,601.05,604.86,23839753
2026-05-12,SPY,601.23,604.41,598.99,599.83,35670267
2026-05-13,SPY,603.52,603.84,602.99,601.69,51879568
2026-05-14,SPY,604.21,606.96,603.59,602.51,2157175
2026-05-15,SPY,607.43,608.38,606.69,606.13,40027534
2026-05-16,SPY,603.6,605.84,599.07,608.11,37935945
2026-05-17,SPY,600.3,603.57,600.06,601.51,9097079
2026-05-18,SPY,599.91,601.97,599.65,595.99,47316092
2026-05-19,SPY,601.6,603.14,597.75,601.85,52016688
2026-05-20,SPY,598.08,598.38,596.81,598.7,16266136
2026-05-21,SPY,595.84,597.39,595.51,595.04,4054506
2026-05-22,SPY,602.17,602.66,601.76,601.38,59281444
2026-05-23,SPY,602.57,603.69,600.6,602.67,33125966
2026-05-24,SPY,600.06,600.62,594.65,601.27,33059863
2026-05-25,SPY,601.75,602.34,598.6,601.86,47066948
2026-05-26,SPY,604.7,605.15,602.8,604.17,17655813
2026-05-27,SPY,611.11,613.93,607.72,609.33,16145607
2026-05-28,SPY,612.25,614.61,610.52,611.5,40495253
2026-05-29,SPY,616.79,616.92,614.34,615.23,50666552
2026-05-30,SPY,623.95,626.42,622.57,623.03,6448398
2026-05-31,SPY,626.03,627.32,625.86,626.08,31232791
2026-06-01,SPY,624.31,626.92,622.29,624.59,19972908
2026-06-02,SPY,623.08,625.7,620.91,619.6,53870243
2026-06-03,SPY,625.16,628.39,624.61,624.12,8702507
2026-06-04,SPY,618.59,619.58,614.71,616.91,5792233
2026-06-05,SPY,627.13,628.76,623.26,625.38,20368328
2026-06-06,SPY,622.27,623.32,621.43,623.86,19270132
2026-06-07,SPY,616.84,616.85,616.22,617.07,29992952
2026-06-08,SPY,616.56,619.9,614.8,616.75,46251397
2026-06-09,SPY,620.25,623.03,610.94,618.26,46116053
2026-06-10,SPY,623.44,626.38,623.31,622.41,35827073
2026-01-02,QQQ,445.62,448.85,444.63,447.05,43599681
2026-01-03,QQQ,449.58,453.94,447.77,449.81,22545854
2026-01-04,QQQ,446.43,449.53,445.11,448.04,20341968
2026-01-05,QQQ,444.82,446.35,444.78,444.49,6909592
2026-01-06,QQQ,443.84,445.28,442.07,443.62,35533969
2026-01-07,QQQ,444.19,444.26,442.84,443.22,4637574
2026-01-08,QQQ,445.74,447.3,445.64,444.08,52002101
2026-01-09,QQQ,448.67,449.12,447.67,449.39,47858766
2026-01-10,QQQ,448.08,448.12,445.88,446.51,48632719
2026-01-11,QQQ,450.81,452.73,450.06,450.64,57465779
2026-01-12,QQQ,454.51,455.56,451.97,456.05,34445413
2026-01-13,QQQ,457.54,458.16,457.01,456.32,33379998
2026-01-14,QQQ,460.53,460.7,458.81,460.14,41223549
2026-01-15,QQQ,453.24,453.43,452.28,452.5,54016417
2026-01-16,QQQ,455.52,456.84,455.19,454.59,1172151
2026-01-17,QQQ,455.17,456.67,449.43,452.84,33859207
2026-01-18,QQQ,458.07,459.56,456.43,458.17,52195518
2026-01-19,QQQ,454.45,454.99,453.94,455.16,47808327
2026-01-20,QQQ,454.98,456.76,453.82,453.99,22352451
2026-01-21,QQQ,455.06,457.9,454.38,453.95,45539403
2026-01-22,QQQ,456.72,459.29,454.0,459.3,9472243
2026-01-23,QQQ,452.12,452.15,449.6,450.33,30548449
2026-01-24,QQQ,458.83,461.19,457.81,458.89,59447322
2026-01-25,QQQ,457.9,458.78,453.16,458.52,23720459
2026-01-26,QQQ,455.54,456.83,454.12,456.07,46255365
2026-01-27,QQQ,458.08,459.46,456.89,459.85,51962592
2026-01-28,QQQ,453.79,453.96,452.81,453.2,46929277
2026-01-29,QQQ,465.08,468.15,465.04,463.76,7606406
2026-01-30,QQQ,465.74,468.64,464.83,466.18,21096828
2026-01-31,QQQ,466.96,467.29,466.51,465.97,26155159
2026-02-01,QQQ,464.71,465.29,462.31,465.69,13083413
2026-02-02,QQQ,465.71,466.37,463.93,464.46,17161813
2026-02-03,QQQ,461.06,461.1,460.77,462.8,31841254
2026-02-04,QQQ,461.32,461.58,459.99,458.83,46473696
2026-02-05,QQQ,460.21,460.42,455.08,458.99,21075901
2026-02-06,QQQ,458.0,459.48,458.0,460.36,14369226
2026-02-07,QQQ,465.46,465.47,464.03,466.21,25089341
2026-02-08,QQQ,455.33,457.91,453.91,458.54,45173055
2026-02-09,QQQ,455.23,455.37,453.14,453.65,4291303
2026-02-10,QQQ,460.6,462.22,458.62,458.3,53059095
2026-02-11,QQQ,462.4,464.81,460.82,463.8,42667300
2026-02-12,QQQ,462.65,465.76,462.35,460.8,10179099
2026-02-13,QQQ,457.39,460.24,456.43,456.55,30583143
2026-02-14,QQQ,461.07,461.44,458.33,463.05,22925749
2026-02-15,QQQ,461.31,462.46,459.76,462.44,25552283
2026-02-16,QQQ,453.58,454.35,452.9,452.76,56343996
2026-02-17,QQQ,462.77,464.43,461.72,465.16,54971132
2026-02-18,QQQ,470.16,473.36,467.06,472.69,58723058
2026-02-19,QQQ,467.93,470.44,465.04,469.38,38400616
2026-02-20,QQQ,463.81,466.26,461.52,463.94,31520173
2026-02-21,QQQ,459.9,462.15,459.77,461.1,43852315
2026-02-22,QQQ,461.82,462.14,461.78,462.09,38675411
2026-02-23,QQQ,459.71,461.94,458.14,458.32,32156466
2026-02-24,QQQ,462.61,463.46,461.76,462.98,3497263
2026-02-25,QQQ,461.45,463.47,458.29,462.92,10104260
2026-02-26,QQQ,459.0,460.14,456.31,458.41,37251704
2026-02-27,QQQ,454.0,455.45,452.93,455.03,7645229
2026-02-28,QQQ,456.79,458.97,455.42,456.42,47323951
2026-03-01,QQQ,454.35,455.78,450.94,453.62,7667575
2026-03-02,QQQ,458.07,458.28,455.92,457.05,5063447
2026-03-03,QQQ,456.44,457.15,453.89,458.08,31515566
2026-03-04,QQQ,458.83,459.52,455.7,456.32,4394266
2026-03-05,QQQ,459.73,461.07,458.06,460.86,5604349
2026-03-06,QQQ,462.25,464.32,459.36,461.09,16636276
2026-03-07,QQQ,461.54,462.46,461.43,461.49,58606659
2026-03-08,QQQ,472.7,473.26,469.42,472.13,8377032
2026-03-09,QQQ,472.52,472.89,469.2,472.73,16967319
2026-03-10,QQQ,472.23,472.41,472.14,472.89,29250184
2026-03-11,QQQ,466.35,466.85,463.15,466.67,35442816
2026-03-12,QQQ,463.23,464.35,462.77,464.91,49804451
2026-03-13,QQQ,465.05,468.7,463.01,464.86,3090484
2026-03-14,QQQ,469.27,470.07,466.94,470.37,33901385
2026-03-15,QQQ,468.6,470.57,467.27,467.95,10954514
2026-03-16,QQQ,471.63,472.24,470.04,470.46,22822825
2026-03-17,QQQ,468.19,469.91,467.57,469.61,29870188
2026-03-18,QQQ,473.2,474.92,471.55,471.74,52604215
2026-03-19,QQQ,466.29,467.48,462.76,467.4,28770558
2026-03-20,QQQ,464.4,466.13,463.68,464.68,29639647
2026-03-21,QQQ,463.58,464.9,460.88,463.04,32827579
2026-03-22,QQQ,470.25,471.71,469.54,470.56,50579760
2026-03-23,QQQ,469.15,469.86,464.78,470.3,38693933
2026-03-24,QQQ,468.51,469.35,466.83,469.98,51350723
2026-03-25,QQQ,461.41,463.32,459.97,461.73,21968090
2026-03-26,QQQ,458.8,460.73,458.18,460.54,16048818
2026-03-27,QQQ,461.03,462.43,460.17,460.82,19694396
2026-03-28,QQQ,455.33,456.81,452.55,452.61,55923696
2026-03-29,QQQ,451.66,453.53,449.34,451.08,45146306
2026-03-30,QQQ,453.29,454.55,452.1,455.0,21735611
2026-03-31,QQQ,456.54,457.34,456.11,457.15,45113651
2026-04-01,QQQ,455.17,455.76,454.87,454.95,51070712
2026-04-02,QQQ,451.97,452.31,450.96,452.17,21913629
2026-04-03,QQQ,451.13,454.21,450.44,450.92,4530518
2026-04-04,QQQ,454.78,457.31,454.07,454.94,30736808
2026-04-05,QQQ,452.85,454.63,451.5,453.19,51663376
2026-04-06,QQQ,449.8,449.93,447.72,450.96,40804565
2026-04-07,QQQ,444.75,444.97,443.04,445.09,41220017
2026-04-08,QQQ,447.28,447.69,444.41,446.6,52281969
2026-04-09,QQQ,447.44,449.04,444.48,447.54,12790678
2026-04-10,QQQ,450.75,452.36,450.46,452.27,45831953
2026-04-11,QQQ,451.5,452.16,451.16,451.23,2257723
2026-04-12,QQQ,450.36,450.54,449.63,451.54,28140360
2026-04-13,QQQ,449.69,451.5,449.41,449.85,22794823
2026-04-14,QQQ,454.08,457.97,451.39,454.54,25283523
2026-04-15,QQQ,460.31,462.18,460.21,461.95,36162531
2026-04-16,QQQ,467.14,468.93,467.11,466.26,53285715
2026-04-17,QQQ,469.62,471.58,467.93,470.6,53091794
2026-04-18,QQQ,466.36,468.8,464.92,464.29,16855734
2026-04-19,QQQ,468.93,469.8,468.43,469.57,51945853
2026-04-20,QQQ,467.9,468.87,467.59,466.46,51630002
2026-04-21,QQQ,463.65,464.6,462.04,461.33,44150451
2026-04-22,QQQ,460.5,462.44,458.8,459.2,11130579
2026-04-23,QQQ,456.92,457.68,454.71,455.33,40689508
2026-04-24,QQQ,461.28,462.04,460.53,462.53,4817826
2026-04-25,QQQ,459.5,460.61,456.39,456.84,7059695
2026-04-26,QQQ,456.49,457.93,454.23,456.85,54137992
2026-04-27,QQQ,456.69,457.22,454.69,455.83,13632536
2026-04-28,QQQ,455.16,457.03,454.78,455.52,7945893
2026-04-29,QQQ,458.03,461.27,457.27,457.97,44360855
2026-04-30,QQQ,459.6,460.82,457.77,460.1,36081026
2026-05-01,QQQ,457.18,458.28,455.6,456.58,52973452
2026-05-02,QQQ,454.85,456.93,454.21,453.15,5423269
2026-05-03,QQQ,452.89,454.92,451.84,453.49,58147644
2026-05-04,QQQ,448.79,452.05,447.66,448.02,40106986
2026-05-05,QQQ,444.93,448.32,443.97,446.54,45435138
2026-05-06,QQQ,441.47,442.96,440.06,441.08,26278520
2026-05-07,QQQ,439.78,441.01,437.88,441.09,50578328
2026-05-08,QQQ,447.81,447.88,445.58,448.79,35124084
2026-05-09,QQQ,445.88,447.17,445.35,446.63,52415872
2026-05-10,QQQ,443.6,443.71,443.14,443.96,57668629
2026-05-11,QQQ,444.87,446.92,442.04,444.39,36334939
2026-05-12,QQQ,448.27,448.65,448.17,447.64,26281242
2026-05-13,QQQ,449.82,450.76,448.93,448.25,12109145
2026-05-14,QQQ,449.9,450.42,448.01,451.34,30809670
2026-05-15,QQQ,445.55,447.45,445.27,444.7,17050326
2026-05-16,QQQ,443.45,446.45,440.14,443.88,25685388
2026-05-17,QQQ,441.71,443.77,438.89,442.44,53219020
2026-05-18,QQQ,438.78,440.23,435.62,438.33,54771596
2026-05-19,QQQ,433.4,435.55,431.52,433.83,25911622
2026-05-20,QQQ,432.14,432.41,430.23,430.29,20130255
2026-05-21,QQQ,434.17,434.68,432.19,434.6,56770601
2026-05-22,QQQ,426.67,428.25,426.34,427.89,24460257
2026-05-23,QQQ,430.12,430.88,428.8,430.8,26915169
2026-05-24,QQQ,433.71,433.77,429.77,434.19,57316167
2026-05-25,QQQ,433.29,434.81,432.99,433.54,56684357
2026-05-26,QQQ,427.11,427.66,427.0,425.83,42295322
2026-05-27,QQQ,428.75,428.77,428.63,430.92,37829629
2026-05-28,QQQ,433.38,434.25,430.72,434.31,16947765
2026-05-29,QQQ,433.3,433.81,430.6,434.29,31676375
2026-05-30,QQQ,439.65,440.94,437.47,439.65,43409778
2026-05-31,QQQ,437.31,437.43,436.16,438.28,42259172
2026-06-01,QQQ,434.83,436.64,433.84,436.42,36130453
2026-06-02,QQQ,436.38,436.48,434.33,436.15,35065975
2026-06-03,QQQ,433.36,433.94,430.94,433.67,26051899
2026-06-04,QQQ,433.61,433.92,433.23,432.58,50186839
2026-06-05,QQQ,432.98,433.65,430.44,432.02,9952966
2026-06-06,QQQ,437.42,438.03,437.0,436.75,53287374
2026-06-07,QQQ,433.76,438.23,432.67,433.86,10049803
2026-06-08,QQQ,439.56,440.73,438.14,439.81,3939789
2026-06-09,QQQ,441.69,445.25,441.08,442.62,27724363
2026-06-10,QQQ,446.37,446.52,446.31,448.36,13824734
2026-01-02,AAPL,188.58,191.87,186.21,189.07,19335256
2026-01-03,AAPL,191.0,192.16,188.82,189.79,26947291
2026-01-04,AAPL,189.94,190.88,189.36,188.92,54505285
2026-01-05,AAPL,183.96,184.32,183.86,183.51,41429956
2026-01-06,AAPL,186.16,186.19,185.94,186.66,23006332
2026-01-07,AAPL,184.75,185.95,183.35,184.04,47289332
2026-01-08,AAPL,181.46,182.07,180.94,179.09,42261984
2026-01-09,AAPL,184.18,184.2,180.19,183.85,6035927
2026-01-10,AAPL,182.69,184.16,179.96,182.54,11736527
2026-01-11,AAPL,184.54,184.81,182.28,183.33,3335319
2026-01-12,AAPL,186.36,187.24,185.39,185.52,39067143
2026-01-13,AAPL,188.37,188.57,186.82,188.71,30792261
2026-01-14,AAPL,188.85,191.06,187.16,188.64,44591283
2026-01-15,AAPL,187.41,191.63,186.34,187.53,35745297
2026-01-16,AAPL,184.24,185.63,184.14,185.09,30948881
2026-01-17,AAPL,185.36,187.59,183.27,181.57,14433741
2026-01-18,AAPL,190.15,192.49,186.66,190.88,30870906
2026-01-19,AAPL,196.51,196.57,191.42,195.81,45817969
2026-01-20,AAPL,195.88,196.41,192.3,195.23,58133940
2026-01-21,AAPL,199.04,201.4,198.7,198.34,25259329
2026-01-22,AAPL,197.34,197.39,197.05,197.96,54041038
2026-01-23,AAPL,194.1,194.17,192.34,193.53,38020399
2026-01-24,AAPL,199.19,201.9,197.54,199.68,49112599
2026-01-25,AAPL,198.46,200.6,198.06,196.26,5949326
2026-01-26,AAPL,200.78,201.9,198.98,201.39,35719442
2026-01-27,AAPL,196.76,199.77,196.28,195.1,13211339
2026-01-28,AAPL,197.08,198.01,193.51,197.04,56793692
2026-01-29,AAPL,198.65,199.38,197.85,199.56,48602473
2026-01-30,AAPL,200.1,204.42,198.64,199.99,6292198
2026-01-31,AAPL,200.21,202.76,199.32,200.01,21322215
2026-02-01,AAPL,199.12,199.65,197.61,197.89,39966527
2026-02-02,AAPL,202.22,204.42,201.76,200.59,57541231
2026-02-03,AAPL,203.28,203.52,202.78,202.9,44047231
2026-02-04,AAPL,203.78,205.2,203.2,205.32,42480554
2026-02-05,AAPL,201.13,202.76,200.09,200.42,21273192
2026-02-06,AAPL,194.75,195.09,194.16,193.85,5897136
2026-02-07,AAPL,194.09,195.04,192.41,194.75,23829936
2026-02-08,AAPL,191.84,192.77,191.28,190.0,58765791
2026-02-09,AAPL,189.99,191.41,189.85,188.62,8125883
2026-02-10,AAPL,188.49,190.22,188.35,189.34,7496920
2026-02-11,AAPL,196.37,197.71,195.17,195.45,59069803
2026-02-12,AAPL,201.79,203.71,199.13,201.01,13739550
2026-02-13,AAPL,202.26,204.39,200.13,202.13,21705801
2026-02-14,AAPL,200.8,200.81,199.24,201.63,17155025
2026-02-15,AAPL,201.65,203.31,199.64,202.1,57562682
2026-02-16,AAPL,199.46,201.13,196.07,198.93,29919073
2026-02-17,AAPL,201.45,202.51,200.23,202.37,4036165
2026-02-18,AAPL,197.75,199.1,196.98,199.17,5934632
2026-02-19,AAPL,194.93,196.18,191.81,194.25,42825034
2026-02-20,AAPL,194.3,195.09,192.57,194.11,54344649
2026-02-21,AAPL,198.86,199.05,198.2,199.36,41430604
2026-02-22,AAPL,194.78,194.89,193.86,194.95,23349983
2026-02-23,AAPL,196.3,198.32,194.09,198.31,10380543
2026-02-24,AAPL,194.13,196.26,191.34,197.17,50614882
2026-02-25,AAPL,196.83,198.81,194.71,196.76,33873052
2026-02-26,AAPL,196.18,197.62,195.5,195.14,46218381
2026-02-27,AAPL,199.12,200.31,197.76,201.52,59525580
2026-02-28,AAPL,198.93,199.31,194.31,199.42,53539797
2026-03-01,AAPL,203.68,204.1,203.6,204.07,33242372
2026-03-02,AAPL,206.28,208.57,203.68,204.65,10917059
2026-03-03,AAPL,207.6,208.86,205.0,206.75,13803319
2026-03-04,AAPL,210.95,211.14,209.26,212.53,28539961
2026-03-05,AAPL,205.85,205.88,202.31,206.28,49815128
2026-03-06,AAPL,207.84,208.23,207.4,208.91,45441288
2026-03-07,AAPL,204.36,204.61,202.4,204.0,36777551
2026-03-08,AAPL,202.6,204.03,202.2,200.68,44171742
2026-03-09,AAPL,203.67,205.02,199.09,203.97,19723802
2026-03-10,AAPL,201.35,201.81,199.84,201.17,20394739
2026-03-11,AAPL,199.91,202.56,197.86,200.01,38613685
2026-03-12,AAPL,205.9,207.23,205.76,206.52,46407350
2026-03-13,AAPL,198.43,199.45,197.13,199.1,52879468
2026-03-14,AAPL,199.54,200.94,198.88,201.38,24244061
2026-03-15,AAPL,204.32,205.56,204.3,203.47,56562898
2026-03-16,AAPL,196.14,197.13,195.82,195.54,42317386
2026-03-17,AAPL,196.11,197.41,192.47,196.91,16144567
2026-03-18,AAPL,195.48,195.92,193.09,196.44,7747454
2026-03-19,AAPL,194.79,195.66,190.07,194.08,11599246
2026-03-20,AAPL,188.08,190.26,186.68,187.19,14385263
2026-03-21,AAPL,188.29,189.68,188.16,188.68,52588261
2026-03-22,AAPL,192.15,193.36,189.45,191.75,3503042
2026-03-23,AAPL,194.1,194.66,193.3,193.61,3438725
2026-03-24,AAPL,197.73,197.76,193.55,197.81,59538436
2026-03-25,AAPL,204.36,206.05,201.98,204.45,8200827
2026-03-26,AAPL,207.48,208.21,204.91,207.98,36186421
2026-03-27,AAPL,198.79,198.95,197.59,197.71,13939353
2026-03-28,AAPL,200.06,201.57,199.75,198.34,49224307
2026-03-29,AAPL,202.48,205.22,201.88,200.96,51820385
2026-03-30,AAPL,204.35,206.72,203.14,203.39,29702679
2026-03-31,AAPL,202.91,202.99,202.35,202.23,10436303
2026-04-01,AAPL,194.56,195.14,192.84,194.61,30979913
2026-04-02,AAPL,194.88,199.24,193.98,196.66,1767439
2026-04-03,AAPL,194.76,196.41,194.54,196.49,32232129
2026-04-04,AAPL,193.63,195.29,189.93,193.59,48214913
2026-04-05,AAPL,194.41,197.07,191.73,192.29,25665453
2026-04-06,AAPL,192.67,193.48,192.01,193.17,51179635
2026-04-07,AAPL,196.14,196.26,194.98,193.65,51824933
2026-04-08,AAPL,191.18,191.78,190.93,192.03,51649713
2026-04-09,AAPL,186.31,187.98,184.28,186.09,25278971
2026-04-10,AAPL,190.23,191.27,188.23,190.77,34922662
2026-04-11,AAPL,191.6,193.65,189.87,193.54,30651417
2026-04-12,AAPL,193.46,194.25,192.8,193.21,35250710
2026-04-13,AAPL,192.47,192.66,191.25,193.35,38843439
2026-04-14,AAPL,196.19,196.89,195.2,194.42,27571668
2026-04-15,AAPL,196.3,196.44,196.16,196.75,29433850
2026-04-16,AAPL,195.7,196.23,191.59,195.6,5631796
2026-04-17,AAPL,199.78,199.96,199.52,200.52,10088477
2026-04-18,AAPL,200.89,205.87,199.74,199.89,26667772
2026-04-19,AAPL,193.36,194.59,192.85,193.69,45412145
2026-04-20,AAPL,194.79,195.45,194.23,194.34,37054806
2026-04-21,AAPL,193.47,194.04,190.2,193.18,51746341
2026-04-22,AAPL,196.49,196.7,195.47,195.18,36697460
2026-04-23,AAPL,194.75,195.62,193.77,194.92,13648708
2026-04-24,AAPL,200.07,201.18,197.59,201.5,29134760
2026-04-25,AAPL,193.85,196.56,192.86,193.3,5515816
2026-04-26,AAPL,194.7,194.98,192.47,193.65,4266612
2026-04-27,AAPL,194.86,195.38,192.83,195.4,51625967
2026-04-28,AAPL,195.76,196.21,194.3,195.73,55746488
2026-04-29,AAPL,199.87,201.05,197.13,198.9,55920719
2026-04-30,AAPL,198.68,200.05,197.04,200.05,15833927
2026-05-01,AAPL,196.34,197.07,194.12,195.79,50339249
2026-05-02,AAPL,200.67,202.01,198.77,201.29,24113287
2026-05-03,AAPL,205.82,206.81,205.46,204.76,28939073
2026-05-04,AAPL,203.32,204.16,202.4,204.71,17171101
2026-05-05,AAPL,205.25,206.52,204.37,203.1,4867076
2026-05-06,AAPL,196.42,198.2,195.54,196.2,17297959
2026-05-07,AAPL,196.44,198.03,194.74,197.06,25902589
2026-05-08,AAPL,201.31,202.91,200.78,202.2,46209357
2026-05-09,AAPL,200.62,200.93,197.69,201.58,40432073
2026-05-10,AAPL,199.99,202.27,196.39,200.31,23344856
2026-05-11,AAPL,197.53,201.2,197.25,198.28,50759558
2026-05-12,AAPL,208.02,212.97,206.63,208.14,41560700
2026-05-13,AAPL,207.06,208.86,206.95,208.15,19995781
2026-05-14,AAPL,203.82,205.36,202.91,204.55,35414535
2026-05-15,AAPL,206.98,208.39,206.01,205.1,52112054
2026-05-16,AAPL,211.52,215.09,210.17,212.47,38750395
2026-05-17,AAPL,215.76,218.17,213.31,215.93,40193717
2026-05-18,AAPL,212.34,213.29,211.36,213.28,26490615
2026-05-19,AAPL,209.87,210.47,205.57,208.93,23653555
2026-05-20,AAPL,209.67,213.17,207.03,209.3,33923312
2026-05-21,AAPL,203.85,204.58,203.25,204.39,37678103
2026-05-22,AAPL,195.81,196.1,193.38,195.37,4941441
2026-05-23,AAPL,189.27,189.76,186.46,190.21,4255745
2026-05-24,AAPL,189.7,191.45,189.02,189.01,48457346
2026-05-25,AAPL,191.21,192.19,190.63,191.32,43797241
2026-05-26,AAPL,188.95,190.98,186.99,189.08,1443747
2026-05-27,AAPL,185.63,185.97,182.97,185.82,36952775
2026-05-28,AAPL,186.36,186.4,185.38,184.81,55100998
2026-05-29,AAPL,188.43,188.82,186.63,187.75,17171144
2026-05-30,AAPL,190.02,191.97,189.48,189.19,27635268
2026-05-31,AAPL,197.74,199.89,196.46,197.97,47790737
2026-06-01,AAPL,198.68,201.36,197.18,197.26,58594112
2026-06-02,AAPL,198.26,198.63,196.83,198.91,32944161
2026-06-03,AAPL,198.84,198.93,197.84,200.08,30119183
2026-06-04,AAPL,196.99,198.25,192.26,196.54,36444162
2026-06-05,AAPL,199.35,199.98,197.11,198.28,39036240
2026-06-06,AAPL,198.37,198.46,194.74,199.6,37442173
2026-06-07,AAPL,197.64,197.82,196.25,197.2,14902145
2026-06-08,AAPL,192.69,194.19,192.28,191.55,6163187
2026-06-09,AAPL,191.44,193.55,188.38,190.53,46435047
2026-06-10,AAPL,194.02,194.97,193.98,193.38,47258847
2026-01-02,NVDA,917.4,927.0,914.69,917.1,30332496
2026-01-03,NVDA,918.68,921.95,909.68,914.02,40970620
2026-01-04,NVDA,896.53,904.93,890.19,897.32,31235911
2026-01-05,NVDA,881.96,882.4,874.09,879.92,46613549
2026-01-06,NVDA,869.17,873.1,868.26,864.85,17538964
2026-01-07,NVDA,868.2,871.35,861.23,874.98,43540368
2026-01-08,NVDA,877.51,883.98,875.29,879.28,21687478
2026-01-09,NVDA,852.9,857.32,850.27,854.21,29922545
2026-01-10,NVDA,834.88,837.9,833.43,835.51,24750785
2026-01-11,NVDA,816.28,819.59,813.14,806.73,1828164
2026-01-12,NVDA,812.99,819.99,799.43,818.32,17290174
2026-01-13,NVDA,805.45,807.38,802.55,807.25,21208577
2026-01-14,NVDA,805.0,809.04,802.1,808.37,21116033
2026-01-15,NVDA,799.71,800.0,799.65,803.32,42945300
2026-01-16,NVDA,780.26,780.52,776.61,780.93,1454150
2026-01-17,NVDA,792.71,794.73,783.33,786.82,23115170
2026-01-18,NVDA,779.09,781.82,774.56,773.02,40889033
2026-01-19,NVDA,787.65,792.36,783.16,786.62,22084483
2026-01-20,NVDA,794.4,800.87,789.5,801.44,43473365
2026-01-21,NVDA,776.18,776.69,775.85,780.7,55794019
2026-01-22,NVDA,779.62,786.14,775.35,778.33,37616548
2026-01-23,NVDA,790.3,801.3,779.0,791.59,48537708
2026-01-24,NVDA,797.16,809.57,795.83,795.58,57894084
2026-01-25,NVDA,801.8,808.9,791.58,801.83,17241765
2026-01-26,NVDA,802.14,806.32,795.92,804.32,31136357
2026-01-27,NVDA,819.09,819.58,811.97,822.5,59360131
2026-01-28,NVDA,812.97,821.52,811.22,808.51,55512327
2026-01-29,NVDA,793.15,795.49,782.63,797.29,45130899
2026-01-30,NVDA,789.22,792.91,782.28,785.26,44287311
2026-01-31,NVDA,783.38,789.78,783.07,771.18,29887382
2026-02-01,NVDA,788.91,790.9,786.85,796.63,38446304
2026-02-02,NVDA,773.12,777.54,766.59,774.67,52831009
2026-02-03,NVDA,764.46,773.98,750.45,777.44,33398219
2026-02-04,NVDA,776.22,780.64,772.85,775.67,49999585
2026-02-05,NVDA,784.29,789.03,779.67,785.18,33408615
2026-02-06,NVDA,781.05,783.65,779.7,775.99,5507993
2026-02-07,NVDA,773.56,785.63,763.41,779.53,44484525
2026-02-08,NVDA,793.34,801.47,782.73,790.01,35627764
2026-02-09,NVDA,797.67,801.44,780.83,793.24,16559562
2026-02-10,NVDA,804.13,813.88,800.01,810.64,27547084
2026-02-11,NVDA,824.25,826.12,821.02,830.52,27094327
2026-02-12,NVDA,835.06,835.21,832.99,842.75,54419196
2026-02-13,NVDA,842.0,843.34,838.61,839.65,22876477
2026-02-14,NVDA,844.93,848.47,840.72,839.77,43889851
2026-02-15,NVDA,839.59,846.5,836.68,841.14,24621308
2026-02-16,NVDA,851.92,860.69,847.25,844.56,20961184
2026-02-17,NVDA,870.3,875.42,867.11,866.31,17010344
2026-02-18,NVDA,867.43,872.09,864.18,861.59,29067551
2026-02-19,NVDA,851.16,856.87,843.33,853.9,37062912
2026-02-20,NVDA,844.0,854.25,834.33,843.99,33859320
2026-02-21,NVDA,842.14,846.87,836.38,836.26,59084213
2026-02-22,NVDA,841.31,842.13,832.21,848.33,38687135
2026-02-23,NVDA,824.13,824.42,821.06,819.43,57364184
2026-02-24,NVDA,816.2,817.74,804.19,812.71,15799484
2026-02-25,NVDA,813.61,819.28,809.29,812.92,31690318
2026-02-26,NVDA,791.01,795.92,782.5,791.18,39434189
2026-02-27,NVDA,810.02,818.3,806.92,805.85,56204484
2026-02-28,NVDA,811.55,823.88,806.77,812.78,29531648
2026-03-01,NVDA,834.04,842.52,833.99,829.83,3162945
2026-03-02,NVDA,821.33,823.46,818.09,816.49,8877642
2026-03-03,NVDA,823.57,828.95,819.89,817.46,24530437
2026-03-04,NVDA,837.14,845.06,827.75,840.17,53670345
2026-03-05,NVDA,840.4,845.36,833.85,842.11,19863296
2026-03-06,NVDA,833.37,835.97,827.18,832.82,39435634
2026-03-07,NVDA,830.64,845.33,819.42,829.96,7390452
2026-03-08,NVDA,847.54,857.1,845.27,848.48,19610867
2026-03-09,NVDA,853.38,856.35,849.5,850.49,48740900
2026-03-10,NVDA,848.82,854.0,844.59,844.59,10540976
2026-03-11,NVDA,838.65,841.44,831.54,841.48,43522039
2026-03-12,NVDA,846.29,858.82,835.91,851.14,47620770
2026-03-13,NVDA,860.27,863.16,853.71,858.85,1165965
2026-03-14,NVDA,881.18,892.46,863.49,889.0,43603427
2026-03-15,NVDA,874.03,880.39,865.07,876.55,15618319
2026-03-16,NVDA,903.34,906.36,896.16,903.5,20031609
2026-03-17,NVDA,892.69,901.68,884.22,890.2,24067975
2026-03-18,NVDA,914.66,923.27,903.59,916.85,57150132
2026-03-19,NVDA,907.0,908.06,901.49,902.42,1045360
2026-03-20,NVDA,924.77,925.22,906.54,924.44,44620573
2026-03-21,NVDA,914.47,930.36,911.87,912.77,25188409
2026-03-22,NVDA,914.98,922.92,910.91,913.11,27598032
2026-03-23,NVDA,896.86,906.08,896.58,891.17,7120273
2026-03-24,NVDA,897.19,897.55,892.92,897.6,16179411
2026-03-25,NVDA,880.33,881.38,873.07,880.57,9092911
2026-03-26,NVDA,897.41,898.04,895.32,898.93,26707387
2026-03-27,NVDA,922.71,930.72,916.38,925.91,21082685
2026-03-28,NVDA,941.91,952.99,941.82,938.88,46441900
2026-03-29,NVDA,955.47,963.74,943.03,955.91,30534572
2026-03-30,NVDA,948.97,953.73,948.76,936.18,42344161
2026-03-31,NVDA,936.4,951.8,933.08,937.74,51495772
2026-04-01,NVDA,956.47,966.2,951.04,961.35,54088256
2026-04-02,NVDA,965.89,971.28,956.37,969.61,41265846
2026-04-03,NVDA,963.91,970.9,962.02,963.42,57845906
2026-04-04,NVDA,956.48,962.6,946.27,955.72,51186937
2026-04-05,NVDA,937.76,945.41,934.6,927.99,17061907
2026-04-06,NVDA,930.07,930.2,918.84,930.09,36452706
2026-04-07,NVDA,932.63,933.47,927.92,936.37,26960275
2026-04-08,NVDA,947.14,955.62,938.58,953.59,52185671
2026-04-09,NVDA,898.14,902.47,888.49,901.31,1925661
2026-04-10,NVDA,898.32,900.62,885.07,901.85,34998062
2026-04-11,NVDA,893.06,905.42,892.15,887.47,27996380
2026-04-12,NVDA,910.92,915.95,905.99,907.98,21797499
2026-04-13,NVDA,943.94,953.06,939.07,943.41,22927841
2026-04-14,NVDA,925.87,933.36,919.49,918.63,5436908
2026-04-15,NVDA,919.82,928.08,913.97,918.65,17406758
2026-04-16,NVDA,935.52,940.16,924.48,937.74,21756104
2026-04-17,NVDA,923.67,934.2,923.07,924.46,10208127
2026-04-18,NVDA,921.24,925.97,911.59,919.28,53545374
2026-04-19,NVDA,927.45,933.25,917.82,934.12,59616912
2026-04-20,NVDA,923.91,941.13,923.63,922.57,55164090
2026-04-21,NVDA,906.17,910.43,904.37,920.89,43113015
2026-04-22,NVDA,922.62,926.88,916.39,927.64,39043084
2026-04-23,NVDA,928.02,932.26,925.43,916.34,46239456
2026-04-24,NVDA,926.53,932.45,924.03,926.44,58910151
2026-04-25,NVDA,932.19,932.39,919.8,941.68,13009864
2026-04-26,NVDA,962.82,969.99,944.68,958.65,50705242
2026-04-27,NVDA,956.49,961.59,956.29,969.26,22470483
2026-04-28,NVDA,956.15,959.58,949.06,961.0,4534768
2026-04-29,NVDA,970.07,984.31,948.55,968.39,5625574
2026-04-30,NVDA,995.72,1008.26,994.58,990.62,6797234
2026-05-01,NVDA,994.17,994.54,990.66,1001.49,21395008
2026-05-02,NVDA,993.9,1000.55,977.72,1005.63,52849198
2026-05-03,NVDA,999.2,1013.61,983.84,996.11,11104338
2026-05-04,NVDA,1018.26,1018.64,1017.36,1023.86,57342857
2026-05-05,NVDA,1017.98,1019.18,1010.12,1026.85,26251376
2026-05-06,NVDA,1035.81,1048.02,1026.71,1040.45,16983156
2026-05-07,NVDA,994.81,1005.82,989.92,994.24,19778756
2026-05-08,NVDA,1029.07,1040.6,1020.11,1024.58,48033039
2026-05-09,NVDA,1045.95,1052.31,1045.78,1037.67,34918683
2026-05-10,NVDA,1069.87,1083.14,1058.76,1073.64,30191206
2026-05-11,NVDA,1065.19,1069.51,1060.35,1077.23,54741907
2026-05-12,NVDA,1037.5,1048.49,1032.78,1043.57,16677384
2026-05-13,NVDA,1049.34,1052.21,1047.0,1041.14,11429425
2026-05-14,NVDA,1066.22,1072.68,1064.32,1069.21,25044263
2026-05-15,NVDA,1079.64,1081.1,1076.9,1084.38,9047262
2026-05-16,NVDA,1110.02,1119.78,1104.81,1119.83,41486944
2026-05-17,NVDA,1147.46,1152.39,1145.34,1150.12,17657680
2026-05-18,NVDA,1168.49,1170.58,1160.05,1170.28,56035282
2026-05-19,NVDA,1174.47,1174.63,1164.9,1178.84,51202694
2026-05-20,NVDA,1166.21,1167.66,1151.25,1173.64,9150590
2026-05-21,NVDA,1206.34,1207.87,1200.63,1205.92,56275787
2026-05-22,NVDA,1180.24,1189.7,1176.13,1179.11,40333763
2026-05-23,NVDA,1178.8,1198.19,1174.96,1179.15,44351446
2026-05-24,NVDA,1169.06,1170.98,1152.69,1161.65,23249936
2026-05-25,NVDA,1205.85,1223.89,1182.44,1210.99,30068632
2026-05-26,NVDA,1216.04,1225.92,1199.73,1218.08,12596895
2026-05-27,NVDA,1187.7,1206.25,1185.88,1195.35,10974485
2026-05-28,NVDA,1217.41,1220.7,1217.17,1223.52,28648328
2026-05-29,NVDA,1236.68,1245.22,1227.37,1240.5,29134372
2026-05-30,NVDA,1251.87,1274.12,1236.18,1250.16,54832588
2026-05-31,NVDA,1248.32,1248.92,1235.18,1256.28,33191077
2026-06-01,NVDA,1224.2,1227.7,1213.09,1219.67,27063826
2026-06-02,NVDA,1224.28,1226.79,1222.08,1223.26,55404442
2026-06-03,NVDA,1226.38,1230.16,1212.85,1225.9,52461906
2026-06-04,NVDA,1213.24,1217.24,1208.8,1217.87,17183490
2026-06-05,NVDA,1209.8,1229.73,1206.59,1208.57,15724462
2026-06-06,NVDA,1155.39,1168.95,1136.8,1165.85,57721814
2026-06-07,NVDA,1163.13,1169.95,1156.03,1173.53,25077528
2026-06-08,NVDA,1168.12,1169.42,1160.32,1151.92,38822991
2026-06-09,NVDA,1200.93,1221.42,1190.71,1189.69,34032776
2026-06-10,NVDA,1188.69,1190.42,1185.15,1189.26,41376906
2026-01-02,BTC-USD,68494.13,69644.15,66350.04,68500.27,14520045
2026-01-03,BTC-USD,69143.2,69971.87,68375.86,70186.75,59265063
2026-01-04,BTC-USD,69002.89,69184.9,67157.89,68258.58,52966856
2026-01-05,BTC-USD,70855.38,71633.73,70601.01,71048.0,48280745
2026-01-06,BTC-USD,72757.71,73122.49,72062.55,73099.04,10157116
2026-01-07,BTC-USD,76071.08,76332.34,74668.33,76462.79,33695439
2026-01-08,BTC-USD,75336.62,75862.57,73745.64,75125.59,42185312
2026-01-09,BTC-USD,75727.19,76460.5,75169.02,75494.47,21590558
2026-01-10,BTC-USD,75594.81,76474.38,75566.95,75632.85,48110989
2026-01-11,BTC-USD,77641.62,77984.9,74826.63,77574.19,3173169
2026-01-12,BTC-USD,78475.79,79351.17,77930.27,77536.73,43925968
2026-01-13,BTC-USD,73792.33,74763.93,72708.48,74672.98,16971636
2026-01-14,BTC-USD,72800.58,73534.47,71083.96,71482.82,56140790
2026-01-15,BTC-USD,72102.21,73495.74,71270.99,71623.8,18798105
2026-01-16,BTC-USD,72923.21,74442.49,71863.44,73889.49,49346137
2026-01-17,BTC-USD,74983.39,74991.74,74681.07,73148.89,28784355
2026-01-18,BTC-USD,72981.87,73025.19,72528.94,72892.04,33177978
2026-01-19,BTC-USD,73672.5,74987.53,73634.32,73181.49,31285386
2026-01-20,BTC-USD,77285.08,78219.71,77021.14,77892.05,8027979
2026-01-21,BTC-USD,78511.89,78813.61,77246.99,79350.32,37711652
2026-01-22,BTC-USD,84232.97,85397.67,82435.02,86176.6,33395917
2026-01-23,BTC-USD,83576.9,84769.65,82666.34,82699.94,30138694
2026-01-24,BTC-USD,84222.97,84677.62,84011.97,84713.49,47788078
2026-01-25,BTC-USD,79205.73,80048.66,77627.12,78934.64,20958219
2026-01-26,BTC-USD,79308.56,79661.77,77395.86,78691.12,11307246
2026-01-27,BTC-USD,79539.05,79571.74,77770.42,80262.9,42949143
2026-01-28,BTC-USD,78385.39,78816.71,77722.44,78457.49,20583135
2026-01-29,BTC-USD,80892.93,81077.23,79407.95,81771.37,32604547
2026-01-30,BTC-USD,77617.54,77726.96,76472.78,78109.55,13407168
2026-01-31,BTC-USD,76195.96,76953.56,76070.91,76393.99,30510480
2026-02-01,BTC-USD,74750.28,74913.52,74706.84,74997.45,51481645
2026-02-02,BTC-USD,74483.6,74927.54,73551.35,73383.73,28782173
2026-02-03,BTC-USD,77265.17,77529.45,75307.96,76808.32,55922244
2026-02-04,BTC-USD,71750.98,72119.8,70842.81,70300.45,39434205
2026-02-05,BTC-USD,73475.84,74267.81,71522.64,74180.6,48936244
2026-02-06,BTC-USD,76133.83,76434.11,74753.94,76036.26,42625824
2026-02-07,BTC-USD,79306.11,81473.5,76734.56,79874.6,12218238
2026-02-08,BTC-USD,83329.23,83698.28,82470.08,83910.59,46843774
2026-02-09,BTC-USD,76013.72,77457.64,74607.47,75049.62,18306460
2026-02-10,BTC-USD,74603.73,76127.92,74446.6,74325.68,38336969
2026-02-11,BTC-USD,73165.31,73712.41,72979.47,73911.06,59617328
2026-02-12,BTC-USD,76380.4,76509.25,74790.22,75730.06,8551011
2026-02-13,BTC-USD,75385.75,75691.85,73871.59,74763.37,7724576
2026-02-14,BTC-USD,77849.35,78486.3,77128.75,78202.97,36945754
2026-02-15,BTC-USD,81157.35,82750.97,81010.36,82257.76,39387829
2026-02-16,BTC-USD,80719.58,80917.07,80619.43,81134.12,41846163
2026-02-17,BTC-USD,79803.19,80830.31,77982.01,80735.31,47339593
2026-02-18,BTC-USD,80139.38,81990.5,78036.95,79378.38,2357806
2026-02-19,BTC-USD,78096.67,79750.57,77310.71,79397.37,58595161
2026-02-20,BTC-USD,77813.68,78280.99,77415.99,77527.41,50910448
2026-02-21,BTC-USD,74044.4,74722.5,73913.38,74756.71,44322450
2026-02-22,BTC-USD,75984.22,76595.3,75053.39,75608.93,33511582
2026-02-23,BTC-USD,76284.66,78426.84,75729.99,75511.7,11668460
2026-02-24,BTC-USD,79407.82,80108.31,77817.64,80144.1,36184252
2026-02-25,BTC-USD,79846.77,80033.08,79102.55,81166.38,57168554
2026-02-26,BTC-USD,80436.91,80540.36,79425.56,80658.6,14362030
2026-02-27,BTC-USD,79855.59,81914.25,78268.27,79821.49,9312966
2026-02-28,BTC-USD,79206.04,79955.4,78003.68,79262.61,59416975
2026-03-01,BTC-USD,76481.43,76697.01,75341.79,77610.81,18358373
2026-03-02,BTC-USD,76505.96,78142.6,76274.52,77194.82,11932530
2026-03-03,BTC-USD,78814.19,80339.67,78640.66,79321.51,16107013
2026-03-04,BTC-USD,78094.7,78872.56,77909.26,78173.69,53365292
2026-03-05,BTC-USD,81382.16,81735.83,80783.16,81447.73,12623299
2026-03-06,BTC-USD,81191.89,81279.86,81161.01,82562.14,21499053
2026-03-07,BTC-USD,80411.54,82133.04,80031.65,81986.35,58148980
2026-03-08,BTC-USD,79462.59,80152.45,77826.14,79694.26,56318562
2026-03-09,BTC-USD,77406.98,78413.63,73223.05,77535.85,57591827
2026-03-10,BTC-USD,78935.38,80136.37,78186.46,78601.67,46930188
2026-03-11,BTC-USD,79607.36,79861.66,78017.22,79529.7,58813722
2026-03-12,BTC-USD,79107.57,80702.76,77571.59,78790.35,13640631
2026-03-13,BTC-USD,81373.68,82942.81,79708.42,80563.75,54845719
2026-03-14,BTC-USD,82276.36,83366.03,82008.56,82658.34,2708274
2026-03-15,BTC-USD,77864.47,80987.61,77797.27,78619.96,27056688
2026-03-16,BTC-USD,77671.07,79104.34,75671.29,77627.11,24029550
2026-03-17,BTC-USD,77491.23,78252.31,75634.22,77217.48,46088330
2026-03-18,BTC-USD,76382.54,77084.12,75628.16,77297.16,38463392
2026-03-19,BTC-USD,76834.8,77277.39,76257.31,77234.31,55247038
2026-03-20,BTC-USD,72453.77,73265.55,70398.75,71979.15,44918365
2026-03-21,BTC-USD,74106.61,74623.86,74074.29,73514.55,53887853
2026-03-22,BTC-USD,75666.83,76333.29,74651.05,75263.06,8904180
2026-03-23,BTC-USD,71533.93,71903.79,69451.41,70729.56,5779207
2026-03-24,BTC-USD,70279.34,70391.74,69194.39,70956.99,36556860
2026-03-25,BTC-USD,70125.23,70437.55,69800.13,69843.05,14441676
2026-03-26,BTC-USD,66979.66,69291.8,64825.78,65834.37,10611610
2026-03-27,BTC-USD,65814.92,67150.94,65622.23,65116.29,43347892
2026-03-28,BTC-USD,67446.88,67515.54,66479.19,67693.04,15051412
2026-03-29,BTC-USD,67568.0,68141.44,67468.3,66839.64,52242259
2026-03-30,BTC-USD,67793.65,68284.61,66874.19,68064.82,29791410
2026-03-31,BTC-USD,69656.66,69863.9,69024.44,69758.48,26038411
2026-04-01,BTC-USD,73612.57,74283.59,73558.02,72767.85,2202330
2026-04-02,BTC-USD,72371.53,73645.86,72360.01,73410.33,24108922
2026-04-03,BTC-USD,72056.16,72490.52,71193.91,72044.11,5381337
2026-04-04,BTC-USD,72859.22,73626.88,72441.69,73920.38,41021707
2026-04-05,BTC-USD,70752.41,70911.86,70547.03,70426.04,33895334
2026-04-06,BTC-USD,69983.52,70473.24,67906.75,69515.17,28071155
2026-04-07,BTC-USD,71412.13,71497.55,70726.58,71368.58,2470574
2026-04-08,BTC-USD,70426.49,70746.96,69470.31,71135.13,3507417
2026-04-09,BTC-USD,68472.29,69440.48,68294.01,67587.42,40857569
2026-04-10,BTC-USD,71335.55,71384.71,71221.97,71226.26,47288322
2026-04-11,BTC-USD,72995.38,73732.1,72438.94,73359.86,48101578
2026-04-12,BTC-USD,74840.61,76165.66,74234.73,74408.79,45403558
2026-04-13,BTC-USD,76931.21,77705.05,75731.98,76153.55,29106920
2026-04-14,BTC-USD,77469.6,77916.06,77363.75,77114.64,8651252
2026-04-15,BTC-USD,78067.65,79319.83,76599.11,77268.02,56800941
2026-04-16,BTC-USD,76662.86,76767.26,76403.86,76089.61,3644472
2026-04-17,BTC-USD,72208.34,72869.71,71770.22,71494.28,16737382
2026-04-18,BTC-USD,75268.6,75295.65,73600.31,74531.8,45897301
2026-04-19,BTC-USD,70168.11,70257.0,70096.53,69913.86,49558380
2026-04-20,BTC-USD,71425.05,71881.98,71071.57,73406.53,20865712
2026-04-21,BTC-USD,71411.08,71730.3,70624.13,70159.62,58193441
2026-04-22,BTC-USD,70547.16,72266.16,69926.13,71543.04,7375239
2026-04-23,BTC-USD,73056.68,74786.33,72499.45,73079.28,44432764
2026-04-24,BTC-USD,74022.08,74877.84,72686.19,74389.58,59953495
2026-04-25,BTC-USD,73853.98,74846.74,73574.31,74136.96,27860337
2026-04-26,BTC-USD,75499.46,75696.98,73947.12,76403.61,54680319
2026-04-27,BTC-USD,71660.18,72647.58,71393.04,71969.15,49748624
2026-04-28,BTC-USD,76176.26,77094.27,75580.02,76797.39,40644581
2026-04-29,BTC-USD,73471.25,73616.23,72162.56,73828.39,53288830
2026-04-30,BTC-USD,73201.62,73393.96,72418.32,72005.94,9768130
2026-05-01,BTC-USD,70886.88,71008.75,70072.96,70424.0,5250410
2026-05-02,BTC-USD,70803.73,71662.43,70383.55,69849.22,52507980
2026-05-03,BTC-USD,70718.84,72305.71,70316.5,72345.17,59595672
2026-05-04,BTC-USD,69491.91,70498.25,69358.91,69215.6,45406825
2026-05-05,BTC-USD,69207.41,70306.67,68491.39,68414.98,10976031
2026-05-06,BTC-USD,70563.66,71634.11,70233.69,70546.75,44177756
2026-05-07,BTC-USD,72754.45,73238.95,71584.51,72906.85,12100066
2026-05-08,BTC-USD,74910.43,75463.36,74751.47,76760.22,4378979
2026-05-09,BTC-USD,72305.4,72361.11,70956.2,73164.66,6290231
2026-05-10,BTC-USD,68828.9,69269.22,67029.91,69234.49,31002233
2026-05-11,BTC-USD,66686.89,69087.0,66681.6,66569.08,28074377
2026-05-12,BTC-USD,64696.18,65301.2,64300.76,64696.46,41547395
2026-05-13,BTC-USD,67246.98,67554.59,66313.92,66733.11,44929192
2026-05-14,BTC-USD,65101.89,67069.09,64902.92,65255.55,15959781
2026-05-15,BTC-USD,66055.48,66744.51,65918.77,65225.93,49094108
2026-05-16,BTC-USD,64478.99,65674.33,63329.99,65146.0,15881196
2026-05-17,BTC-USD,66208.68,66220.66,65098.61,65383.36,37754892
2026-05-18,BTC-USD,63390.81,63580.99,62881.18,63491.32,10425385
2026-05-19,BTC-USD,64704.24,66047.0,64120.18,64954.06,14148067
2026-05-20,BTC-USD,66341.85,68322.14,65539.15,66768.39,53440235
2026-05-21,BTC-USD,66996.97,67790.12,66983.98,66804.2,43496048
2026-05-22,BTC-USD,68343.47,69431.24,68198.25,67652.18,45188280
2026-05-23,BTC-USD,66465.37,67051.98,66380.84,66452.35,50406480
2026-05-24,BTC-USD,70659.08,71354.64,70057.44,70016.54,35113643
2026-05-25,BTC-USD,71544.35,73701.54,71323.2,71159.18,55710109
2026-05-26,BTC-USD,72959.51,73689.58,71253.01,72126.97,34830257
2026-05-27,BTC-USD,74567.03,75304.41,73325.25,73890.94,17659023
2026-05-28,BTC-USD,73817.89,76448.92,72702.41,73678.41,9950432
2026-05-29,BTC-USD,75676.48,76774.83,74716.57,75122.49,57577767
2026-05-30,BTC-USD,74459.41,76433.81,73880.28,72878.65,43451945
2026-05-31,BTC-USD,74795.53,75498.89,74441.54,73758.61,46122236
2026-06-01,BTC-USD,77056.74,78314.14,76389.87,76986.84,37405986
2026-06-02,BTC-USD,76450.45,77337.5,75703.95,76891.46,33237079
2026-06-03,BTC-USD,72054.94,73254.12,71680.34,71079.15,57464680
2026-06-04,BTC-USD,68057.43,68470.19,67922.47,68105.15,8145112
2026-06-05,BTC-USD,69152.77,69238.56,68842.18,68774.7,51344064
2026-06-06,BTC-USD,70422.83,73178.14,70197.36,70084.89,5162952
2026-06-07,BTC-USD,69863.72,70625.44,69858.06,69696.65,55628374
2026-06-08,BTC-USD,67317.94,67700.66,66771.81,66597.51,16053013
2026-06-09,BTC-USD,67243.02,68450.08,67114.64,68338.94,54608020
2026-06-10,BTC-USD,66322.63,67668.51,65451.69,66499.18,28955286
2026-01-02,ETH-USD,3867.08,3906.77,3840.76,3909.32,1870082
2026-01-03,ETH-USD,3866.5,3902.94,3793.52,3813.94,30733511
2026-01-04,ETH-USD,3983.65,4091.27,3960.99,3932.11,51674420
2026-01-05,ETH-USD,3830.81,3877.12,3802.37,3885.04,13985411
2026-01-06,ETH-USD,3814.74,3846.84,3800.63,3793.85,12663193
2026-01-07,ETH-USD,3811.99,3838.77,3770.21,3819.25,18732819
2026-01-08,ETH-USD,3911.0,3963.88,3909.45,3943.68,48626442
2026-01-09,ETH-USD,3942.23,3948.26,3875.19,3920.73,52919507
2026-01-10,ETH-USD,4083.67,4116.25,4048.76,4046.01,39431702
2026-01-11,ETH-USD,4043.82,4050.65,4025.66,3999.36,13339246
2026-01-12,ETH-USD,3849.01,3861.23,3812.65,3886.88,28072861
2026-01-13,ETH-USD,3915.16,3936.32,3903.92,3947.11,25212732
2026-01-14,ETH-USD,3844.88,3971.86,3799.9,3817.32,38670532
2026-01-15,ETH-USD,3982.68,4123.26,3899.9,3985.74,30908222
2026-01-16,ETH-USD,3994.76,4074.81,3958.3,3981.12,3676116
2026-01-17,ETH-USD,3956.69,4001.12,3841.46,3911.87,26895695
2026-01-18,ETH-USD,3951.71,4040.4,3885.78,3958.58,52706998
2026-01-19,ETH-USD,3813.13,3881.17,3798.06,3816.7,44723317
2026-01-20,ETH-USD,3860.73,3921.46,3829.73,3853.76,52896527
2026-01-21,ETH-USD,3850.31,3851.85,3776.7,3871.72,52914227
2026-01-22,ETH-USD,3890.22,3970.84,3871.28,3869.07,56616381
2026-01-23,ETH-USD,3805.4,3944.71,3793.28,3754.82,5839924
2026-01-24,ETH-USD,3806.48,3837.27,3760.2,3814.56,6873428
2026-01-25,ETH-USD,3868.55,3883.61,3868.3,3882.35,56137939
2026-01-26,ETH-USD,3882.6,3924.24,3824.14,3915.67,30059818
2026-01-27,ETH-USD,3841.17,3890.01,3836.86,3843.81,49337553
2026-01-28,ETH-USD,3710.52,3769.58,3641.21,3682.95,5871395
2026-01-29,ETH-USD,3635.83,3682.74,3616.64,3685.86,41705944
2026-01-30,ETH-USD,3786.36,3833.03,3737.23,3799.88,45340381
2026-01-31,ETH-USD,3849.29,3855.33,3832.48,3907.77,54470358
2026-02-01,ETH-USD,3891.4,3956.81,3861.96,3886.38,46452098
2026-02-02,ETH-USD,4108.0,4205.24,4052.21,4066.94,1748277
2026-02-03,ETH-USD,3972.28,3995.64,3968.29,3974.88,41040831
2026-02-04,ETH-USD,3864.48,3906.55,3832.52,3877.11,50756557
2026-02-05,ETH-USD,3948.44,3977.35,3880.48,3976.15,35396829
2026-02-06,ETH-USD,3994.91,4022.74,3963.22,3975.83,8692188
2026-02-07,ETH-USD,4081.16,4174.23,4014.31,4021.61,37832774
2026-02-08,ETH-USD,3943.52,3960.32,3938.31,3956.82,7590251
2026-02-09,ETH-USD,3993.1,4062.81,3942.97,3982.6,46049882
2026-02-10,ETH-USD,3966.77,3987.9,3879.62,3912.55,22326253
2026-02-11,ETH-USD,3870.44,3874.73,3825.54,3823.65,11227052
2026-02-12,ETH-USD,3778.21,3798.37,3755.56,3812.3,1324262
2026-02-13,ETH-USD,3708.65,3792.68,3691.17,3660.5,19567669
2026-02-14,ETH-USD,3740.79,3764.53,3729.32,3669.6,32061228
2026-02-15,ETH-USD,3572.74,3601.81,3548.81,3574.05,44322234
2026-02-16,ETH-USD,3424.3,3481.47,3407.68,3410.69,37146044
2026-02-17,ETH-USD,3477.86,3552.6,3422.91,3440.47,2250257
2026-02-18,ETH-USD,3560.55,3617.65,3535.4,3520.18,52620155
2026-02-19,ETH-USD,3379.54,3434.72,3323.37,3366.95,37217118
2026-02-20,ETH-USD,3220.58,3234.16,3199.26,3236.54,52817763
2026-02-21,ETH-USD,3072.06,3117.35,3038.25,3097.27,7076977
2026-02-22,ETH-USD,2992.94,3022.83,2950.52,2946.68,55125986
2026-02-23,ETH-USD,3121.14,3128.69,3120.05,3105.13,11685235
2026-02-24,ETH-USD,3214.74,3313.74,3151.17,3148.5,50386742
2026-02-25,ETH-USD,3192.63,3297.73,3119.39,3205.31,16552473
2026-02-26,ETH-USD,3273.79,3290.73,3243.71,3279.32,54114012
2026-02-27,ETH-USD,3209.32,3248.06,3196.02,3211.92,44521759
2026-02-28,ETH-USD,3148.34,3209.78,3066.16,3140.94,57027329
2026-03-01,ETH-USD,3144.34,3202.14,3105.63,3132.17,26401947
2026-03-02,ETH-USD,3061.3,3108.02,3034.86,3031.7,26254996
2026-03-03,ETH-USD,3123.12,3128.42,3056.21,3153.09,24154727
2026-03-04,ETH-USD,3025.02,3029.02,2985.36,3004.72,10326005
2026-03-05,ETH-USD,2969.91,2980.99,2936.29,2967.86,11082463
2026-03-06,ETH-USD,3002.14,3038.92,2997.84,2988.38,16458280
2026-03-07,ETH-USD,2939.26,2958.09,2892.54,2966.14,33146566
2026-03-08,ETH-USD,2952.95,2976.72,2948.54,2947.86,3895367
2026-03-09,ETH-USD,3031.61,3072.54,2997.89,3057.02,39404342
2026-03-10,ETH-USD,3064.34,3084.97,3018.63,3048.19,28209712
2026-03-11,ETH-USD,2976.52,3007.89,2910.53,2981.69,45408959
2026-03-12,ETH-USD,3065.89,3159.73,3053.67,3104.11,32636021
2026-03-13,ETH-USD,3103.01,3122.68,3074.53,3068.66,54325781
2026-03-14,ETH-USD,2976.03,3011.35,2940.4,2952.81,12255612
2026-03-15,ETH-USD,2965.49,3003.02,2912.36,2976.15,16422542
2026-03-16,ETH-USD,2935.37,2950.53,2885.66,2938.84,34846994
2026-03-17,ETH-USD,2875.48,2944.51,2855.65,2865.16,42255051
2026-03-18,ETH-USD,2743.55,2789.76,2680.62,2735.15,7253872
2026-03-19,ETH-USD,2704.85,2707.08,2648.34,2676.2,53000673
2026-03-20,ETH-USD,2671.54,2707.35,2604.57,2695.84,47818016
2026-03-21,ETH-USD,2620.08,2625.01,2599.18,2579.21,26584348
2026-03-22,ETH-USD,2543.37,2595.31,2486.59,2518.63,39662813
2026-03-23,ETH-USD,2576.11,2587.25,2550.14,2578.61,58650087
2026-03-24,ETH-USD,2661.87,2687.17,2634.18,2656.67,1367048
2026-03-25,ETH-USD,2630.07,2692.94,2613.8,2624.29,1482784
2026-03-26,ETH-USD,2596.33,2613.76,2583.86,2572.92,8152678
2026-03-27,ETH-USD,2657.35,2701.99,2655.68,2706.07,29424734
2026-03-28,ETH-USD,2564.91,2584.43,2528.81,2563.67,14669650
2026-03-29,ETH-USD,2458.98,2490.22,2426.07,2461.4,38239470
2026-03-30,ETH-USD,2255.75,2265.36,2207.62,2238.72,27718035
2026-03-31,ETH-USD,2246.03,2307.58,2217.86,2216.73,30970474
2026-04-01,ETH-USD,2279.09,2355.32,2248.37,2294.02,53753011
2026-04-02,ETH-USD,2237.88,2271.54,2221.86,2206.96,11786945
2026-04-03,ETH-USD,2170.92,2198.64,2151.96,2135.37,32653147
2026-04-04,ETH-USD,2230.29,2245.28,2209.94,2236.06,6371375
2026-04-05,ETH-USD,2153.97,2184.61,2126.31,2145.39,45035174
2026-04-06,ETH-USD,2060.98,2066.97,2003.99,2034.29,56044618
2026-04-07,ETH-USD,2092.71,2123.23,2035.72,2095.28,54949480
2026-04-08,ETH-USD,2055.65,2057.81,2048.37,2033.24,47872168
2026-04-09,ETH-USD,2060.92,2078.39,2040.13,2064.11,1019278
2026-04-10,ETH-USD,2086.47,2088.36,2081.68,2105.87,45940259
2026-04-11,ETH-USD,2026.36,2049.43,1980.29,2022.92,5604820
2026-04-12,ETH-USD,2090.2,2108.17,2084.6,2065.51,40119932
2026-04-13,ETH-USD,2004.47,2063.34,1998.12,2029.67,14054364
2026-04-14,ETH-USD,1950.87,1958.66,1933.94,1951.2,34973063
2026-04-15,ETH-USD,1968.65,1975.28,1950.32,2011.48,54884541
2026-04-16,ETH-USD,1927.43,1929.17,1880.86,1919.89,17786711
2026-04-17,ETH-USD,1880.36,1944.67,1838.74,1868.73,51833171
2026-04-18,ETH-USD,1832.89,1870.39,1810.11,1799.76,58849403
2026-04-19,ETH-USD,1859.13,1861.34,1825.51,1869.25,15789607
2026-04-20,ETH-USD,1843.56,1860.29,1817.72,1882.87,35662011
2026-04-21,ETH-USD,1766.48,1775.01,1764.77,1780.0,27771781
2026-04-22,ETH-USD,1725.21,1764.97,1675.56,1742.35,32981095
2026-04-23,ETH-USD,1713.0,1728.5,1699.36,1708.46,51073698
2026-04-24,ETH-USD,1671.08,1717.95,1655.47,1671.15,50353809
2026-04-25,ETH-USD,1673.92,1692.3,1668.12,1703.32,57125472
2026-04-26,ETH-USD,1654.86,1664.01,1614.04,1676.44,46352983
2026-04-27,ETH-USD,1707.76,1715.4,1660.64,1709.07,3836230
2026-04-28,ETH-USD,1735.39,1754.5,1714.65,1767.13,39555342
2026-04-29,ETH-USD,1774.76,1795.96,1719.72,1771.15,19808374
2026-04-30,ETH-USD,1709.52,1733.38,1689.28,1723.58,29398851
2026-05-01,ETH-USD,1651.39,1655.3,1628.26,1651.15,47059406
2026-05-02,ETH-USD,1660.66,1686.02,1640.22,1673.51,22182997
2026-05-03,ETH-USD,1658.98,1662.31,1651.5,1678.79,22839653
2026-05-04,ETH-USD,1600.35,1634.41,1593.62,1611.12,19079680
2026-05-05,ETH-USD,1540.56,1545.88,1523.68,1553.17,15128595
2026-05-06,ETH-USD,1478.54,1495.37,1464.68,1489.01,31247910
2026-05-07,ETH-USD,1488.79,1498.78,1475.45,1484.19,7702144
2026-05-08,ETH-USD,1475.96,1512.64,1437.69,1466.71,14157579
2026-05-09,ETH-USD,1540.46,1583.73,1517.43,1561.47,12851913
2026-05-10,ETH-USD,1520.97,1526.38,1497.42,1508.51,36834964
2026-05-11,ETH-USD,1508.14,1544.54,1499.75,1525.34,39106729
2026-05-12,ETH-USD,1527.46,1530.34,1519.75,1535.96,18065091
2026-05-13,ETH-USD,1468.73,1472.99,1451.09,1472.57,25223751
2026-05-14,ETH-USD,1436.06,1455.81,1429.26,1424.62,28632806
2026-05-15,ETH-USD,1495.41,1524.46,1481.84,1493.28,39647622
2026-05-16,ETH-USD,1465.67,1486.3,1449.02,1464.22,22816439
2026-05-17,ETH-USD,1444.53,1465.24,1440.94,1416.32,26573241
2026-05-18,ETH-USD,1411.27,1425.72,1372.96,1404.13,43988639
2026-05-19,ETH-USD,1424.84,1441.76,1407.21,1412.12,57968766
2026-05-20,ETH-USD,1439.21,1443.72,1429.51,1448.9,44822967
2026-05-21,ETH-USD,1431.9,1447.19,1422.1,1423.52,30856625
2026-05-22,ETH-USD,1451.09,1498.2,1450.76,1434.66,31218360
2026-05-23,ETH-USD,1429.75,1436.31,1397.8,1432.86,45427581
2026-05-24,ETH-USD,1429.92,1462.96,1429.9,1420.74,27645278
2026-05-25,ETH-USD,1442.38,1446.8,1423.96,1430.65,2769319
2026-05-26,ETH-USD,1449.7,1474.21,1440.19,1449.54,42480134
2026-05-27,ETH-USD,1483.76,1508.85,1470.32,1475.91,17602499
2026-05-28,ETH-USD,1481.15,1503.52,1463.37,1493.21,12449308
2026-05-29,ETH-USD,1542.27,1547.96,1530.03,1532.45,32954203
2026-05-30,ETH-USD,1457.66,1466.11,1434.05,1450.83,10067407
2026-05-31,ETH-USD,1520.51,1526.77,1507.8,1537.68,43348882
2026-06-01,ETH-USD,1520.83,1564.44,1492.91,1528.89,36821646
2026-06-02,ETH-USD,1507.34,1525.48,1470.38,1501.07,30652743
2026-06-03,ETH-USD,1492.77,1512.91,1491.07,1494.46,36119158
2026-06-04,ETH-USD,1526.06,1564.08,1512.69,1539.38,1558151
2026-06-05,ETH-USD,1508.03,1530.74,1507.42,1496.16,52396612
2026-06-06,ETH-USD,1477.08,1484.37,1476.79,1478.73,26074816
2026-06-07,ETH-USD,1510.17,1550.67,1495.37,1514.28,48978675
2026-06-08,ETH-USD,1507.67,1528.58,1495.77,1515.28,29336005
2026-06-09,ETH-USD,1472.66,1490.27,1463.89,1454.64,47568488
2026-06-10,ETH-USD,1460.07,1475.41,1458.42,1435.3,28709510
